{"name":"nodes.json","nodes":[{"id":32,"x":296,"y":305,"type":"Background","outs":[57],"tos":[57],"src":"images/create-nodes.png","forceFit":true},{"id":33,"x":860,"y":299,"type":"Dialog","outs":[34],"tos":[34],"character":1,"text":"You can create nodes by using the select and create buttons next to the file menu button in the bottom right. However, you can also use my favorite method for creating nodes as well...","options":[]},{"id":34,"x":1150,"y":308,"type":"Background","outs":[58],"tos":[58],"src":"images/node-search.gif","forceFit":true},{"id":35,"x":1720,"y":295,"type":"Dialog","outs":[36],"tos":[36],"character":1,"text":"Clicking anywhere (not in an input box) and then pressing the <span style=\"color:green\">SPACEBAR</span>, you can bring up the node search. Here you can type in the name of the node you are looking for and then either click the target node name, or you can press <span style=\"color:green\">ENTER</span> to pick the first one.","options":[]},{"id":36,"x":2014,"y":327,"type":"Background","outs":[59],"tos":[59],"src":"images/connecting-nodes.gif","forceFit":true},{"id":37,"x":2597,"y":302,"type":"Dialog","outs":[38],"tos":[38],"character":1,"text":"Once you have some nodes, you can connect them using the arrows on the right hand side of the node. The arrows correspond to the order of the options on the node.","options":[]},{"id":38,"x":2901,"y":326,"type":"Background","outs":[60],"tos":[60],"src":"images/adding-options.gif","forceFit":true},{"id":39,"x":3487,"y":292,"type":"Dialog","outs":[40],"tos":[40],"character":1,"text":"Speaking of options! You can add options to any node that supports them by pressing the (+) button at the bottom.","options":[]},{"id":40,"x":3781,"y":316,"type":"Background","outs":[61],"tos":[61],"src":"images/move-node.gif","forceFit":true},{"id":41,"x":4355,"y":302,"type":"Dialog","outs":[42],"tos":[42],"character":1,"text":"You can move nodes around by clicking and holding on the colored bar at the top of the node and dragging it.","options":[]},{"id":42,"x":4634,"y":306,"type":"Background","outs":[62],"tos":[43],"src":"images/dupe-and-delete.gif","forceFit":true},{"id":43,"x":5193,"y":306,"type":"Dialog","outs":[44],"tos":[62],"character":1,"text":"Lastly, you can duplicate and delete nodes by using the buttons at the bottom of the node.","options":[]},{"id":44,"x":5473,"y":304,"type":"Background","outs":[63],"tos":[63],"src":"","forceFit":false},{"id":45,"x":6049,"y":291,"type":"Dialog","outs":[47],"tos":[47],"character":1,"text":"That's it for the node overview, let's jump back to the start shall we?","options":[]},{"id":47,"x":6342,"y":305,"type":"Return","outs":[null],"tos":[null]},{"id":57,"x":571,"y":315,"type":"Sound","outs":[33],"tos":[33],"src":"audio/create-nodes.mp3"},{"id":58,"x":1442,"y":321,"type":"Sound","outs":[35],"tos":[35],"src":"audio/node-search.mp3"},{"id":59,"x":2309,"y":331,"type":"Sound","outs":[37],"tos":[37],"src":"audio/connecting-nodes.mp3"},{"id":60,"x":3204,"y":328,"type":"Sound","outs":[39],"tos":[39],"src":"audio/node-options.mp3"},{"id":61,"x":4066,"y":327,"type":"Sound","outs":[41],"tos":[41],"src":"audio/move-nodes.mp3"},{"id":62,"x":4913,"y":308,"type":"Sound","outs":[43],"tos":[44],"src":"audio/duplicate-delete-nodes.mp3"},{"id":63,"x":5758,"y":313,"type":"Sound","outs":[45],"tos":[45],"src":"audio/node-end.mp3"}]}