{"name":"start.json","nodes":[{"id":57,"x":342,"y":429,"type":"Start","outs":[59],"tos":[59]},{"id":58,"x":934,"y":425,"type":"Dialog","outs":[60],"tos":[60],"character":1,"text":"Welcome to <span style=\"color:teal\">Text Game Maker</span> (TGM)!\n\nThis is an interactive tutorial made in TGM without any special coding.","options":[]},{"id":59,"x":634,"y":435,"type":"Sound","outs":[58],"tos":[58],"src":"audio/welcome.mp3"},{"id":60,"x":1218,"y":432,"type":"Sound","outs":[61],"tos":[61],"src":"audio/learn-interest.mp3"},{"id":61,"x":1497,"y":424,"type":"Dialog","outs":[64,65,66,68],"tos":[64,65,66,68],"character":1,"text":"So, what are you interested in learning more about?","options":[{"text":"UI overview","active":true},{"text":"Nodes","active":true},{"text":"Project management","active":true},{"text":"That's all for now","active":true}]},{"id":64,"x":1793,"y":326,"type":"Jump","outs":[70],"tos":[70],"src":"ui-overview.json","nodeId":9},{"id":65,"x":1790,"y":471,"type":"Jump","outs":[70],"tos":[70],"src":"nodes.json","nodeId":32},{"id":66,"x":1801,"y":620,"type":"Jump","outs":[70],"tos":[70],"src":"project-management.json","nodeId":46},{"id":67,"x":2064,"y":789,"type":"Dialog","outs":[69],"tos":[69],"character":1,"text":"Sounds good!\n\nI hope you enjoy playing around with <span style=\"color:teal\">Text Game Maker</span>, and I can't wait to see what you come up with!","options":[]},{"id":68,"x":1778,"y":795,"type":"Sound","outs":[67],"tos":[67],"src":"audio/end.mp3"},{"id":69,"x":2367,"y":768,"type":"Story","outs":[null],"tos":[null],"text":"This is the end of the tutorial.","options":[]},{"id":70,"x":1189,"y":192,"type":"Pass","outs":[61],"tos":[61]}]}