{"name":"ui-overview.json","nodes":[{"id":9,"x":271,"y":334,"type":"Background","outs":[51],"tos":[51],"src":"images/main-ui.png","forceFit":true},{"id":10,"x":821,"y":296,"type":"Dialog","outs":[11],"tos":[11],"character":1,"text":"This is the main UI. There doesn't seem to be a whole lot going on when you first open the page, but there are quite a few things under the hood. I'm just going to highlight a few major parts.","options":[]},{"id":11,"x":1104,"y":319,"type":"Background","outs":[52],"tos":[52],"src":"images/work-area.png","forceFit":true},{"id":12,"x":1661,"y":308,"type":"Dialog","outs":[13],"tos":[13],"character":1,"text":"This is the main workspace area. Here is where you'll add nodes, connect them, and modify them. Nodes are the core of your game and how it flows.","options":[]},{"id":13,"x":1946,"y":333,"type":"Background","outs":[53],"tos":[53],"src":"images/file-menu.png","forceFit":true},{"id":14,"x":2529,"y":308,"type":"Dialog","outs":[15],"tos":[15],"character":1,"text":"This is the file menu. There are options here to create characters, beasts/enemeies, items, and variables. You can also create new workspace files and folders from here as well.\n\nDon't forget to check out the links at the bottom to go to discussions or submit ideas or bug reports. Everything is open source, so if you know some coding, feel free to contribute!","options":[]},{"id":15,"x":2821,"y":315,"type":"Background","outs":[54],"tos":[54],"src":"images/project-window.png","forceFit":true},{"id":16,"x":3372,"y":309,"type":"Dialog","outs":[17],"tos":[17],"character":1,"text":"Next is the project window. This is an outline of your project. This shows all the files and folders that make up your project. You can drag files around, rename them, and so forth (see the hotkey guide at the bottom of the window).","options":[]},{"id":17,"x":3663,"y":316,"type":"Background","outs":[55],"tos":[55],"src":"images/importing-media.gif","forceFit":true},{"id":18,"x":4215,"y":309,"type":"Dialog","outs":[19],"tos":[19],"character":1,"text":"You can press the 'P' key on your keyboard to make the project window stay open. When you do this, you have the ability to drag audio and image files into folders to import them into your project.","options":[]},{"id":19,"x":4502,"y":324,"type":"Background","outs":[56],"tos":[56],"src":"","forceFit":false},{"id":20,"x":5064,"y":342,"type":"Dialog","outs":[21],"tos":[21],"character":1,"text":"That's it for the basic UI overview, let's jump back to the start shall we?","options":[]},{"id":21,"x":5345,"y":359,"type":"Return","outs":[null],"tos":[null]},{"id":51,"x":550,"y":339,"type":"Sound","outs":[10],"tos":[10],"src":"audio/main-ui.mp3"},{"id":52,"x":1385,"y":318,"type":"Sound","outs":[12],"tos":[12],"src":"audio/workspace-area.mp3"},{"id":53,"x":2235,"y":328,"type":"Sound","outs":[14],"tos":[14],"src":"audio/file-menu.mp3"},{"id":54,"x":3099,"y":320,"type":"Sound","outs":[16],"tos":[16],"src":"audio/project-window.mp3"},{"id":55,"x":3936,"y":321,"type":"Sound","outs":[18],"tos":[18],"src":"audio/import-media.mp3"},{"id":56,"x":4786,"y":342,"type":"Sound","outs":[20],"tos":[20],"src":"audio/ui-overview-end.mp3"}]}