{"name":"fight-sample","nodes":[{"type":"Dialog","outs":[1],"character":3,"text":"ROAR!!!!","id":0,"x":505,"y":17,"options":[]},{"type":"Story","outs":[2],"text":"You have encountered a giant red worm enemy","id":1,"x":724,"y":18,"options":[]},{"type":"Story","outs":[8,null],"text":"What do you do?","id":2,"x":972,"y":20,"options":[{"text":"Attack","active":true},{"text":"Block","active":true}]},{"type":"Variable","outs":[6],"key":"Health","value":100,"id":5,"x":36,"y":22},{"type":"Variable","outs":[0],"key":"Enemy Health","value":10,"id":6,"x":269,"y":22},{"type":"RandomVariable","outs":[11],"key":"Damage","min":0,"max":10,"id":8,"x":1206,"y":24},{"type":"Story","outs":[2],"text":"You did {Damage} damage! It has {Enemy Health} health remaining!","id":10,"x":1890,"y":27,"options":[]},{"type":"SubVariableFromVariable","outs":[12],"alter":"Damage","source":"Enemy Health","id":11,"x":1437,"y":24},{"type":"IfVariable","outs":[10,13],"key":"Enemy Health","value":0,"condition":">","id":12,"x":1661,"y":27},{"type":"Story","outs":[null],"text":"You did {Damage} damage and defeated the foe!","id":13,"x":1889,"y":175,"options":[]}]}